"id","name","age","address","email","phone_number","registration_date","created_at","updated_at","deleted_at"
"893e1553-d112-4c73-aac4-16501e64a4c3",Емельянова София Васильевна,25,"клх Курумкан, бул. Макарова, д. 54 стр. 33, 311602",mishinvitali@example.net,+71208479387,2024-11-27 15:22:11.534 +0300,2025-02-01 15:10:58.975 +0300,2025-04-11 01:41:16.067 +0300,
cec4ee7a-5508-4f94-a4c3-f8473324e00a,Смирнов Аким Алексеевич,72,"ст. Шенкурск, ул. Базарная, д. 619, 825167",fomichevaristarh@example.org,"8 (523) 575-30-27",2024-09-24 09:45:04.817 +0300,2024-07-24 15:35:25.209 +0300,2025-04-11 01:43:42.673 +0300,
c0bd4a12-83eb-4935-a439-2006edc13e2f,Петухов Агафон Егорович,69,"к. Кирово-Чепецк, алл. Невского, д. 866 к. 95, 167522",danilovsilvestr@example.com,"8 (112) 580-9360",2025-02-14 07:58:38.928 +0300,2024-05-01 13:02:42.173 +0300,2025-04-11 01:50:00.725 +0300,
b3f6b5e2-1e07-43fd-9d8f-e50ac923df1f,Дроздова Таисия Богдановна,87,"д. Курумкан, наб. Мичурина, д. 5 к. 19, 959164",evlampi_2018@example.org,"8 (512) 178-81-66",2025-02-28 00:24:07.373 +0300,2024-10-10 21:41:56.932 +0300,2025-04-11 01:50:30.845 +0300,
"83cf4d9b-d8f0-4e78-95bf-3f174249ac1d",Кондрат Артурович Савельев,19,"к. Белокуриха, пр. Карла Маркса, д. 69, 711790",tvorimir1987@example.net,"8 471 884 73 16",2024-09-21 08:06:49.119 +0300,2024-09-06 09:20:31.700 +0300,2025-04-11 01:51:26.932 +0300,
"22941fb8-5d71-4a68-a2c5-4965e70e7b65",Раиса Аркадьевна Баранова,82,"с. Ставрополь, ш. Базарное, д. 43, 432185",bespalovandron@example.net,+71562596044,2024-06-11 05:12:51.091 +0300,2024-09-29 01:15:23.499 +0300,2025-04-11 01:52:17.192 +0300,
"7bba62ce-a2a3-4180-ae1b-266202729fe8",Мария Александровна Лукина,91,"г. Новороссийка, алл. Высотная, д. 6/4 к. 9/8, 673324",lpestova@example.com,"86203897982",2024-10-26 12:51:47.348 +0300,2024-10-26 21:49:18.811 +0300,2025-04-11 01:52:44.400 +0300,
f5d25385-0f7a-42c6-9975-d4944ee05abc,Юлиан Даниилович Лихачев,47,"п. Усмань, пр. Тукая, д. 5 стр. 80, 552370",mitofan85@example.org,"8 (076) 935-56-96",2024-07-14 11:08:19.749 +0300,2025-02-09 00:05:19.829 +0300,2025-04-11 01:53:09.063 +0300,
"69a5cd5a-2bd3-431f-93cd-a751d4c8978e",Акулина Натановна Боброва,55,"к. Камень-на-Оби, наб. Подлесная, д. 9/9 стр. 3/8, 981747",kuprijan_05@example.com,"8 (189) 069-5459",2024-11-10 04:11:00.697 +0300,2024-07-05 00:58:33.114 +0300,2025-04-11 01:53:34.220 +0300,
c3711661-620e-41f4-92db-21d56b628fc8,Куликов Анатолий Ерофеевич,64,"с. Миасс, наб. Машиностроителей, д. 2/4, 117759",anna_35@example.net,+7 094 392 28 33,2024-07-26 00:24:46.315 +0300,2024-08-04 23:09:56.613 +0300,2025-04-11 01:54:06.907 +0300,
"29fca73e-a923-4f18-abcf-6ae48d65cddf",Ладислав Венедиктович Громов,76,"к. Карпинск, ш. Пирогова, д. 64 стр. 506, 604449",timofebikov@example.com,"82653376049",2024-09-21 19:49:58.686 +0300,2025-02-16 14:49:56.876 +0300,2025-04-11 01:54:44.088 +0300,
"7bc493d1-7073-4662-8867-2acba5d34d35",Прасковья Тимуровна Сафонова,86,"д. Тутончаны, ш. Ростовское, д. 782 стр. 89, 112360",karl_48@example.net,"8 366 990 5497",2024-04-26 13:53:45.969 +0300,2024-06-23 10:57:56.775 +0300,2025-04-11 01:55:06.446 +0300,
d86f23d1-2273-46ff-9708-8bb77428b367,Хохлов Павел Харламович,47,"п. Качканар, пр. Кирова, д. 13 стр. 22, 911938",solovevazinaida@example.net,"82896269766",2025-01-11 11:44:35.882 +0300,2024-08-09 10:28:03.461 +0300,2025-04-11 01:55:29.323 +0300,
ec068b62-65ee-43ad-adf3-4bdf7cb1298a,Егор Виленович Прохоров,90,"г. Онега, пер. Лесхозный, д. 57 стр. 210, 117900",mihalovvarlaam@example.net,+7 (701) 912-23-07,2024-09-26 12:35:10.511 +0300,2025-01-11 05:54:50.048 +0300,2025-04-11 01:55:51.681 +0300,
c69ef339-b197-4273-bbff-35609745230b,Лаврентий Тимурович Казаков,34,"к. Курганинск, пер. 50 лет Октября, д. 1 к. 39, 087130",ignati_2020@example.net,"88864810798",2025-04-07 11:15:14.920 +0300,2024-07-02 07:04:35.969 +0300,2025-04-11 01:56:15.753 +0300,
b9636fa4-443e-402a-8495-746c7380303f,Карп Жанович Субботин,55,"г. Печенга, алл. Гаражная, д. 198, 822015",lavrevseev@example.net,"8 172 772 9569",2024-08-19 06:14:01.806 +0300,2024-09-18 18:49:12.580 +0300,2025-04-11 01:56:38.778 +0300,
"2a63dd74-6d22-4cda-b40b-1888dfd96053",Жуков Панфил Демьянович,83,"п. Южно-Сахалинск, ул. Энтузиастов, д. 5/7 стр. 44, 186000",dmitrievizot@example.net,+74746051170,2024-08-08 14:25:47.988 +0300,2024-11-02 21:52:07.218 +0300,2025-04-11 01:57:04.202 +0300,
df268bc9-e592-43af-98e3-300e5e8e703b,Калашников Иван Харлампович,76,"п. Поронайск, пер. Курганный, д. 971 стр. 5/1, 738893",igor64@example.net,"8 (397) 569-0061",2024-08-27 12:15:25.574 +0300,2024-10-14 19:05:42.438 +0300,2025-04-11 01:57:23.924 +0300,
"1048ed16-1857-44e1-b683-2910a2244efe",Анатолий Демьянович Мартынов,19,"клх Костомукша, пр. Краснопартизанский, д. 70 стр. 88, 872671",juri_13@example.org,"8 (186) 720-91-34",2025-02-24 10:09:34.960 +0300,2025-01-14 16:41:38.975 +0300,2025-04-11 01:57:47.377 +0300,
a2026f78-edc7-40fe-91c9-21dcc2263707,Логинова Любовь Ниловна,79,"д. Усмань, наб. Краснодарская, д. 471 к. 6, 344127",markermakov@example.org,+7 209 270 83 81,2025-01-30 15:13:10.376 +0300,2024-10-16 00:54:00.219 +0300,2025-04-11 01:58:08.122 +0300,
"8f29627b-2e7f-43da-8fd6-7a8eb94fb3d2",Носова Эмилия Макаровна,80,"д. Мытищи, наб. Щорса, д. 63 к. 5, 388355",polikarprjabov@example.com,"8 406 834 8540",2024-12-24 08:55:24.877 +0300,2024-04-27 01:53:35.079 +0300,2025-04-11 01:58:29.892 +0300,
"3445595f-baa2-4514-b169-83c6823aaede",Глафира Кирилловна Максимова,33,"г. Апрелевка, бул. Раздольный, д. 2 стр. 3, 950574",ferapont93@example.org,"8 (723) 939-18-76",2024-09-20 19:53:29.468 +0300,2024-06-25 06:06:10.404 +0300,2025-04-11 01:58:51.328 +0300,
"278b3174-4dea-4c7e-86f9-26ae4775aa00",Козлова Дарья Васильевна,29,"ст. Ростов-на-Дону, наб. Л.Толстого, д. 819, 210321",komissarovruslan@example.net,+7 (862) 323-94-53,2025-01-18 02:23:03.749 +0300,2024-04-30 13:10:50.953 +0300,2025-04-11 01:59:20.429 +0300,
"7f0aa637-3199-4d31-ab6b-30580c3e3fe8",г-жа Виноградова Тамара Ивановна,33,"к. Южноуральск, пер. Курортный, д. 60 к. 1/7, 614240",ziminavksenti@example.net,+7 116 143 33 34,2024-07-17 21:40:22.243 +0300,2025-01-29 07:42:22.567 +0300,2025-04-11 01:59:39.856 +0300,
"48faf622-65d1-4df6-b271-9727fb48b186",Трофимова Октябрина Андреевна,98,"к. Лагань, пр. Шаумяна, д. 48, 456026",fedoseevbazhen@example.com,+7 338 779 8421,2024-07-24 22:14:56.471 +0300,2024-11-20 13:03:57.548 +0300,2025-04-11 02:00:00.971 +0300,
"05355258-5fc5-4b66-8052-bb37e1261f00",Соболев Кирилл Ерофеевич,96,"с. Сосновый Бор, ул. Чехова, д. 396 к. 377, 289217",tihonovilarion@example.org,+7 427 713 3670,2024-11-01 08:46:53.297 +0300,2024-04-19 19:28:15.661 +0300,2025-04-11 02:00:21.571 +0300,
"63e4c82e-7b64-409b-aef5-83398533603d",Авдеева Фёкла Богдановна,35,"д. Краснокамск, наб. Пугачева, д. 7, 340855",svetlana49@example.org,"8 439 634 0607",2024-08-16 16:06:28.585 +0300,2024-12-02 02:24:26.843 +0300,2025-04-11 02:00:46.551 +0300,
"9bd3d31d-a143-4034-b98c-5363dafb72bd",Беляев Болеслав Евсеевич,28,"к. Тихорецк, ш. Инженерное, д. 7/8 стр. 210, 897691",hariton_68@example.com,+7 (029) 146-01-12,2025-01-31 03:50:28.731 +0300,2024-09-24 11:41:53.399 +0300,2025-04-11 02:01:05.836 +0300,
"540120a0-1d4f-454d-ac45-eb0f55f946c1",г-н Соболев Максимильян Давыдович,43,"клх Кашира, ул. Береговая, д. 1 к. 2/5, 734281",semen_1998@example.com,+76837198199,2025-01-16 09:46:02.930 +0300,2024-08-03 08:35:34.988 +0300,2025-04-11 02:01:25.892 +0300,
dd7d791e-0fae-4c0c-824f-d9ecc0810316,Зуев Харлампий Антипович,25,"клх Тамбов, пер. Льва Толстого, д. 495 к. 24, 582584",agata72@example.org,+77018675260,2025-02-16 16:14:23.594 +0300,2024-08-12 01:57:21.444 +0300,2025-04-11 02:01:51.856 +0300,
f2efc24d-e898-458e-b2ef-c639bff9c867,Ирина Романовна Савина,27,"п. Великий Устюг, ул. Микрорайон, д. 35, 054435",juvenali2017@example.org,+7 731 402 2162,2025-01-03 21:59:29.495 +0300,2024-09-16 07:53:25.273 +0300,2025-04-11 02:02:15.351 +0300,
"775d0192-6139-4f4c-9804-b54535b0e441",Зиновьев Самсон Еремеевич,51,"г. Советский, пер. Карьерный, д. 3, 962284",galaktionknjazev@example.com,"8 929 331 21 17",2024-08-11 06:09:35.843 +0300,2024-12-05 20:54:46.139 +0300,2025-04-11 02:02:36.412 +0300,
"570cc6e6-368a-4548-a612-32eda8899033",Меркушев Денис Всеволодович,54,"с. Кижи, пр. Геологов, д. 31 стр. 9/9, 762526",nesterovaljubov@example.com,+7 277 212 65 64,2024-06-11 18:38:51.189 +0300,2025-03-05 11:38:52.432 +0300,2025-04-11 02:02:56.008 +0300,
"534d7e63-c5d2-4e47-bbe6-cdb2dff555b9",Зинаида Эдуардовна Цветкова,49,"ст. Уренгой, алл. Красина, д. 6/9 к. 130, 628562",igavrilova@example.net,+7 172 176 1080,2024-12-16 00:17:47.545 +0300,2024-05-27 04:08:45.383 +0300,2025-04-11 02:03:20.419 +0300,
"8f9bbf5c-df6a-4a28-8985-1953167e24c1",Никонова Юлия Ждановна,89,"п. Якутск, пр. Славянский, д. 441 стр. 77, 251668",gennadi1994@example.net,+7 918 773 6583,2025-03-30 15:40:59.451 +0300,2025-03-23 14:14:57.732 +0300,2025-04-11 02:03:46.360 +0300,
"01003c63-e245-4f92-866c-797ff543543d",Алевтина Валериевна Лукина,30,"с. Оленек, пр. Мостовой, д. 27 стр. 194, 507812",oleg2017@example.net,"8 (676) 281-2879",2024-07-31 07:25:26.621 +0300,2024-08-24 09:12:25.675 +0300,2025-04-11 02:04:07.543 +0300,
bbef1f3d-2e59-4315-86d9-b705c3057e49,Гуляева Юлия Филипповна,90,"д. Элиста, бул. Куйбышева, д. 52 к. 621, 915696",svetozar_33@example.net,+7 777 374 82 77,2024-12-06 05:06:43.269 +0300,2024-09-16 04:37:10.138 +0300,2025-04-11 02:04:30.881 +0300,
"1b9c2556-980d-4368-8853-f008f0a7a8ac",Красильникова Варвара Рудольфовна,59,"д. Октябрьский (Башк.), бул. Чайкиной, д. 8 к. 937, 111286",lora2023@example.com,"8 845 294 18 19",2024-12-05 21:17:21.387 +0300,2025-01-10 20:19:33.623 +0300,2025-04-11 02:05:27.161 +0300,
"36daf3d8-39e1-4261-b580-7384a3a0d5df",Лариса Богдановна Артемьева,91,"г. Гусь-Хрустальный, ул. Красноярская, д. 6/4, 325289",kononovvissarion@example.com,"8 269 141 1463",2024-10-25 09:43:36.680 +0300,2024-04-27 00:44:40.339 +0300,2025-04-11 02:05:53.025 +0300,
"2c86b9db-6c7e-42db-8c3c-8a273dc0ed40",Никонова Марина Николаевна,70,"с. Архыз, ул. Песочная, д. 1 стр. 6, 703664",emilija01@example.org,"8 (993) 305-93-29",2024-05-19 09:23:28.088 +0300,2024-04-15 16:15:36.086 +0300,2025-04-11 02:06:11.133 +0300,
"983772ef-cba8-4c40-bb06-86db65a0e126",Оксана Тарасовна Гаврилова,53,"с. Волгоград, пр. Тимирязева, д. 2/7, 021407",konstantin04@example.com,+74063626687,2024-11-01 00:52:45.752 +0300,2024-06-22 09:16:57.318 +0300,2025-04-11 02:06:32.648 +0300,
"5b5c58d8-297b-45d0-a560-193a6a40be08",Ирина Евгеньевна Вишнякова,56,"г. Ставрополь, пер. Ленинградский, д. 728, 428819",alina_2018@example.com,"8 (536) 800-87-23",2024-08-12 14:46:21.701 +0300,2025-01-04 23:47:50.186 +0300,2025-04-11 02:06:58.298 +0300,
a39d6d6e-8b3f-4e3c-b046-5ca23626913c,Белякова Глафира Юльевна,54,"к. Александровск-Сахалинский, пр. Крупской, д. 51 к. 3/4, 629517",sokrataleksandrov@example.org,"8 740 652 78 94",2025-01-31 07:38:48.809 +0300,2024-07-24 22:35:29.068 +0300,2025-04-11 02:07:18.784 +0300,
bceef2cf-094d-4a6a-bd68-84e2bc110988,Панфил Егорович Егоров,52,"г. Камень-на-Оби, ул. Мира, д. 8 к. 858, 743468",akirillova@example.net,+7 (256) 086-3267,2024-06-14 14:31:31.464 +0300,2025-02-11 19:11:20.411 +0300,2025-04-11 02:07:46.874 +0300,
"83a69e77-bb4f-4628-b2c9-4d92d926261d",Василиса Алексеевна Белоусова,80,"г. Домбай, пр. Энергетиков, д. 7/5 к. 19, 521793",davidovgerasim@example.net,+7 960 457 8911,2024-06-12 00:06:39.614 +0300,2024-04-26 02:42:06.224 +0300,2025-04-11 02:08:10.121 +0300,
"08d04e84-df10-4bfa-99f4-75c3d10d44dd",Анисимова Ульяна Петровна,34,"д. Мончегорск, ул. Геологов, д. 36 стр. 36, 884905",belousovmoke@example.net,"8 187 290 2102",2025-01-28 04:40:22.899 +0300,2025-01-01 17:29:52.627 +0300,2025-04-11 02:08:31.536 +0300,
"4610e742-2155-47d1-8235-18ef1a09120b",Виктория Геннадьевна Данилова,96,"с. Колпашево, наб. Инженерная, д. 5 к. 3, 708071",moise89@example.com,+7 802 907 65 43,2024-09-21 07:55:23.245 +0300,2024-11-07 02:42:20.990 +0300,2025-04-11 02:08:52.906 +0300,
"796d0300-9d81-4e88-80fa-29e4930aab24",Эмилия Максимовна Бурова,24,"клх Южноуральск, наб. Свердлова, д. 475 стр. 75, 902862",noskovagafon@example.net,+76505028067,2024-04-29 04:55:26.980 +0300,2025-03-24 23:31:30.625 +0300,2025-04-11 02:09:18.607 +0300,
"8abab95e-b7df-4682-abef-f8bdeb161904",Никодим Вилорович Лихачев,34,"к. Суздаль, наб. Нижняя, д. 1 к. 81, 510398",maksimiljan_24@example.org,"82869204804",2024-10-23 21:11:51.841 +0300,2024-09-17 15:45:12.025 +0300,2025-04-11 02:09:42.114 +0300,
"22c2e075-9a1b-44b1-9cc2-4e69a8508266",Аким Адрианович Брагин,19,"с. Каспийск, ш. Путейское, д. 357 стр. 8, 363055",lora_1992@example.com,"8 (755) 953-72-88",2024-07-10 16:57:24.412 +0300,2024-11-27 20:27:45.467 +0300,2025-04-11 02:10:02.579 +0300,
d10611e1-3868-4323-8cd2-8e0302dcbd21,Хохлова Наталья Антоновна,53,"клх Азов (Рост.), пер. Кочубея, д. 7/5 стр. 9/3, 736803",vitaliilin@example.com,"8 (641) 235-5205",2025-03-26 15:40:47.657 +0300,2024-11-20 19:16:18.490 +0300,2025-04-11 02:10:28.535 +0300,
"7affb333-fb82-428d-a41a-dac99c008cb9",Рогов Эдуард Иосипович,33,"п. Брянск, алл. Донская, д. 303 к. 6/8, 477806",gavrilovigor@example.net,"8 773 961 7848",2024-07-24 06:08:55.964 +0300,2024-07-15 21:26:40.767 +0300,2025-04-11 02:10:49.074 +0300,
"08c62a02-ab08-4dee-81bf-f3dc58e3f43b",Радим Иосипович Кулагин,49,"клх Северо-Курильск, пер. Радужный, д. 5/7, 411668",prohor_2003@example.net,"8 323 480 5631",2024-12-01 10:06:18.571 +0300,2024-04-18 00:17:36.265 +0300,2025-04-11 02:11:15.065 +0300,
"57888c61-eeac-4973-85b7-26290e178a3c",Александров Тихон Харитонович,89,"г. Мостовской, ул. Дружба, д. 45 к. 8, 377322",zhdanovleonti@example.org,"8 (649) 682-8504",2024-06-09 17:07:50.046 +0300,2024-11-18 03:41:17.960 +0300,2025-04-11 02:11:36.935 +0300,
"22ee3a03-9c35-4749-8065-7c8d023af02f",Элеонора Петровна Дорофеева,31,"п. Кызыл, ул. Загородная, д. 972, 568041",tihon98@example.com,+7 (650) 313-23-88,2024-05-07 02:31:48.108 +0300,2025-01-23 22:21:25.482 +0300,2025-04-11 02:11:58.577 +0300,
"87779ccc-2d2a-4521-b0ea-2c8260e3411a",Мишин Доброслав Алексеевич,68,"д. Смоленск, алл. З.Космодемьянской, д. 249 к. 6, 638431",bobrovasvetlana@example.com,"8 895 337 04 14",2025-03-27 01:21:03.112 +0300,2025-02-25 20:59:17.658 +0300,2025-04-11 02:12:21.792 +0300,
fb4b5292-1c45-4b1f-b005-3dc156c8321e,Потап Викторович Силин,60,"д. Углегорск, ул. Машиностроителей, д. 68 к. 70, 193634",kondrati1990@example.org,"8 185 848 92 61",2024-09-01 03:11:09.522 +0300,2024-11-23 05:12:52.571 +0300,2025-04-11 02:12:46.515 +0300,
"0392bf88-06c4-4683-8e96-a4d5c59440d7",Остап Игнатьевич Панов,23,"к. Вязьма, ш. Космическое, д. 4, 701716",iosifkulakov@example.org,"8 (824) 316-8898",2024-08-02 22:39:57.024 +0300,2024-08-08 03:03:18.000 +0300,2025-04-11 02:13:49.429 +0300,
"94f8e185-b49b-4511-bb68-8f41c4eea8c3",Елизар Феофанович Зайцев,49,"клх Жуковский, алл. Учительская, д. 8/4 к. 471, 766607",uvarovpankrat@example.com,"89723608649",2025-02-04 22:46:25.180 +0300,2025-01-23 11:30:31.379 +0300,2025-04-11 02:14:14.483 +0300,
"3ebd6368-160c-4ed3-b03b-830d97a74ac8",Акулина Натановна Зимина,43,"г. Данков, наб. Космонавтов, д. 79, 295620",bojan69@example.com,"8 (471) 187-41-38",2024-10-30 06:38:16.392 +0300,2025-02-25 11:53:05.341 +0300,2025-04-11 02:14:55.753 +0300,
"15a3cc7f-51aa-45a9-b0d5-de5e2d3ac5e4",Некрасов Милий Адрианович,26,"д. Оленегорск (Якут.), ул. Леонова, д. 85 к. 766, 404676",sitnikovdenis@example.org,+7 213 213 7945,2025-03-17 13:30:44.293 +0300,2024-06-14 20:34:59.019 +0300,2025-04-11 02:15:16.621 +0300,
"0f911015-098d-4e7e-b1a8-20e53d32b647",Виталий Вилорович Анисимов,49,"с. Диксон, бул. Енисейский, д. 171 к. 67, 719370",dorofe_1982@example.net,"8 (028) 305-83-02",2024-11-15 17:09:56.385 +0300,2025-01-31 19:18:27.733 +0300,2025-04-11 02:15:40.037 +0300,
"6bc29399-878f-42a0-95e9-8df972e3fee0",Куприян Авдеевич Анисимов,81,"п. Медногорск, бул. Мирный, д. 3/7 к. 1, 522792",kazakovnifont@example.net,+7 417 468 3152,2025-03-31 23:23:25.536 +0300,2024-11-03 03:00:50.903 +0300,2025-04-11 02:16:02.901 +0300,
c9f2e453-cf93-44cd-999d-e7f3daf43972,Фёкла Владимировна Блинова,57,"д. Оса, наб. Волгоградская, д. 674 стр. 764, 594447",nikiforovaantonina@example.com,"8 (573) 523-00-22",2025-01-13 15:54:15.544 +0300,2024-05-30 18:31:59.782 +0300,2025-04-11 02:16:29.971 +0300,
"313480b0-a98f-4cec-a4c9-ac18ba0be37e",Любомир Гавриилович Сысоев,75,"к. Буденновск, бул. М.Горького, д. 2/7 стр. 226, 718877",gennadi_75@example.org,"8 (392) 033-85-38",2024-04-20 22:00:52.658 +0300,2025-04-08 01:20:03.821 +0300,2025-04-11 02:16:50.102 +0300,
"3d456cdc-757b-4a09-b436-2e9ca1fdd5e3",Радислав Гурьевич Веселов,50,"клх Рубцовск, пр. Черноморский, д. 5/5 к. 3, 771472",kalashnikovpahom@example.com,+7 (498) 014-61-89,2024-11-27 01:56:34.153 +0300,2025-03-03 10:31:40.996 +0300,2025-04-11 02:17:18.748 +0300,
"5d0f2140-80b2-4127-be28-c065242c7a31",Рябова Светлана Станиславовна,23,"д. Череповец, пер. Рабочий, д. 71 стр. 477, 972968",kalashnikovmiron@example.com,+7 (748) 041-57-66,2024-04-29 20:08:14.170 +0300,2025-02-15 23:32:09.575 +0300,2025-04-11 02:17:40.619 +0300,
"995fee5e-89bc-4662-90bf-75b8bd9569d2",Лобанова Елизавета Святославовна,94,"г. Оренбург, пер. Чернышевского, д. 641 к. 94, 859987",eleonora33@example.org,"84334748669",2025-01-29 14:33:24.373 +0300,2025-01-23 14:05:46.937 +0300,2025-04-11 02:17:59.781 +0300,
"844768d7-9f93-49d1-ac1d-6420edc8500a",Морозова Кира Анатольевна,72,"д. Находка, ул. Омская, д. 342, 743752",kzikova@example.net,"8 738 931 50 18",2024-06-24 22:41:40.351 +0300,2024-04-30 17:31:43.499 +0300,2025-04-11 02:18:41.986 +0300,
"2bda6979-d25a-4ffe-a836-3a1a263ac3bb",Лавр Харитонович Баранов,45,"клх Стрежевой, ш. Иванова, д. 8/8 к. 52, 907624",erofe1972@example.org,"8 (338) 551-31-15",2024-07-23 18:04:58.950 +0300,2025-03-09 22:35:55.790 +0300,2025-04-11 02:19:09.660 +0300,
ce1f9cc9-28d7-48a7-90a9-c3ea42bcbecd,Александра Петровна Кудряшова,26,"ст. Кущевская, бул. Грибоедова, д. 2/3 к. 4, 663585",arhip_1982@example.org,+7 (182) 425-89-50,2025-03-29 09:12:17.614 +0300,2024-05-23 11:00:27.467 +0300,2025-04-11 02:19:34.423 +0300,
e3bc5247-8687-4db7-b36e-e1ce2baa1d18,Дорофеев Рюрик Августович,68,"п. Бавлы, алл. Высоковольтная, д. 923 стр. 1, 048927",pavel52@example.org,+7 (533) 649-3826,2024-09-07 08:47:15.374 +0300,2024-09-17 11:00:16.592 +0300,2025-04-11 02:20:44.241 +0300,
"15c075cb-0a51-400c-bf1d-f9cad169ad67",Варвара Ефимовна Шестакова,78,"к. Игарка, бул. Клары Цеткин, д. 38, 411487",nestor25@example.net,"8 511 778 3076",2024-12-27 19:37:00.256 +0300,2025-03-07 08:33:46.119 +0300,2025-04-11 02:23:58.637 +0300,
"7fdca21a-78e7-4192-b4cf-0351386af469",Мельникова Лидия Юрьевна,85,"с. Ставрополь, ш. Ореховое, д. 951, 936450",kuzmashcherbakov@example.com,"8 (713) 075-6176",2024-08-04 22:50:30.631 +0300,2024-11-27 17:43:27.619 +0300,2025-04-11 02:24:19.084 +0300,
"316ff5ff-b91f-4413-af74-ce3b14d5f64e",Стрелкова Лидия Николаевна,57,"с. Брянск, пр. Лесозаводский, д. 29 к. 74, 009133",kondratevparamon@example.net,"8 942 163 7897",2024-10-27 03:08:10.994 +0300,2025-02-19 14:26:39.927 +0300,2025-04-11 02:24:49.036 +0300,
"303a2f99-cb65-4c05-8807-6784300d35c2",Никодим Фокич Шилов,89,"п. Алексин, ул. Шишкина, д. 8 стр. 7/3, 239162",solomon22@example.org,"82201283281",2024-10-17 16:32:29.223 +0300,2025-01-18 19:30:43.058 +0300,2025-04-11 02:25:12.626 +0300,
dab1a9d5-e99a-40ba-86c6-8e894ef760ce,Алла Кузьминична Попова,53,"п. Ростов, ул. Южная, д. 28, 986768",vatslav1989@example.org,"8 (078) 610-76-12",2024-09-18 08:59:57.862 +0300,2024-12-11 20:39:08.951 +0300,2025-04-11 02:25:32.013 +0300,
"140d3411-6737-4009-a058-31ca088cc019",Устин Владиславович Блинов,59,"к. Хасан, ш. Болотное, д. 41, 048195",sinklitikija_2016@example.org,+7 770 557 61 44,2024-12-11 12:53:06.037 +0300,2025-03-12 20:37:34.414 +0300,2025-04-11 02:25:56.279 +0300,
"6989b120-ef64-459c-b67d-3c2768a55a2d",Конон Матвеевич Рыбаков,23,"г. Витим, пер. Карбышева, д. 458, 471748",uveselov@example.com,+7 (551) 539-60-78,2024-04-22 14:59:47.628 +0300,2024-07-27 02:05:08.046 +0300,2025-04-11 02:26:21.943 +0300,
"51e036ea-a727-4cc4-8fa0-c160737fa7a5",Ульяна Руслановна Савина,31,"ст. Онега, ш. Школьное, д. 9/1 к. 628, 516599",arseni_2023@example.org,"8 510 431 7152",2024-08-10 01:52:51.614 +0300,2024-05-02 02:00:10.337 +0300,2025-04-11 02:27:10.145 +0300,
de65eb2c-fa35-434b-98b3-43a28a98e491,Цветков Иларион Теймуразович,56,"д. Галич, ул. Морозова, д. 8/3 к. 9/2, 576261",innokenti62@example.net,"8 980 564 3381",2025-04-02 16:53:10.843 +0300,2024-09-18 05:03:03.549 +0300,2025-04-11 02:27:32.766 +0300,
"6cdd4aca-9bf2-446f-b308-e2d8a6870af5",Молчанова Антонина Богдановна,67,"д. Чегем, наб. Алтайская, д. 37 к. 6/8, 692473",blapina@example.org,"8 942 856 8045",2024-07-10 00:23:32.590 +0300,2024-08-24 18:07:41.853 +0300,2025-04-11 02:27:53.125 +0300,
c7f805c0-86b8-47a1-924e-a772a8787931,Агата Петровна Васильева,44,"г. Чебоксары, пер. Макарова, д. 350 стр. 19, 069649",mihailsavelev@example.com,"8 839 223 91 28",2025-02-17 17:24:11.090 +0300,2025-02-04 01:14:18.911 +0300,2025-04-11 02:28:15.064 +0300,
bffd67c8-d862-471b-ab5a-f3f785154bad,Лыткина Олимпиада Даниловна,91,"д. Миллерово, наб. Мостовая, д. 1 к. 2/1, 136466",belovvenedikt@example.net,+7 (387) 807-99-16,2025-03-09 13:26:17.506 +0300,2024-05-02 02:30:45.398 +0300,2025-04-11 02:28:38.890 +0300,
"750cd0b3-f409-4d24-a324-ea26c621ee69",Артемий Демьянович Коновалов,98,"ст. Горячий Ключ, алл. Ясная, д. 757 к. 9, 678912",jshchukina@example.com,"8 (971) 106-50-69",2024-11-26 02:45:22.985 +0300,2024-11-23 19:40:25.056 +0300,2025-04-11 02:28:57.990 +0300,
"2a0553f9-d1c5-4583-abf4-1f2fdb60c6f6",Сазонова Нина Михайловна,43,"п. Слюдянка, пер. Достоевского, д. 50 стр. 660, 025594",vasilisa_1988@example.org,+75537461074,2024-07-24 14:45:34.083 +0300,2024-10-31 14:05:17.401 +0300,2025-04-11 02:29:23.622 +0300,
"72ad44eb-1e25-4146-8bdc-4a09a92953db",Наина Ильинична Петрова,33,"д. Печенга, пр. Ульянова, д. 447 к. 7/1, 877677",trofimovavarvara@example.net,"8 105 905 0130",2025-03-19 19:01:37.968 +0300,2024-10-09 04:28:32.537 +0300,2025-04-11 02:29:46.405 +0300,
"6bdae95a-29a6-469c-81a8-9f3ba108b51b",Мокей Фёдорович Белозеров,73,"к. Тутаев, бул. Энергетический, д. 934 стр. 92, 348838",medvedevspiridon@example.org,"8 (379) 817-17-92",2024-07-30 22:04:28.943 +0300,2025-03-18 06:14:45.834 +0300,2025-04-11 02:30:15.877 +0300,
b02478f1-da51-4504-8654-b2da6b011b54,Жукова Галина Кузьминична,41,"клх Сосногорск, наб. Сельская, д. 1/3, 972581",samuil_29@example.org,"8 221 755 5995",2024-09-17 09:37:57.659 +0300,2024-05-04 13:09:46.342 +0300,2025-04-11 02:30:41.413 +0300,
a06f0014-b6d7-4c0c-bd23-63bbbf8da897,Людмила Константиновна Гусева,64,"п. Элиста, пр. Стахановский, д. 637 к. 6, 573411",prokofi1989@example.com,"8 (685) 284-55-09",2024-09-27 08:32:51.809 +0300,2024-06-04 10:12:11.100 +0300,2025-04-11 02:31:02.731 +0300,
ed06e2f1-40c0-4cbd-8c09-34eb8ee4ded2,Яковлев Ефим Якубович,54,"клх Белгород, пр. Заовражный, д. 184 к. 7/6, 457170",morozovkapiton@example.net,+7 532 496 3693,2025-01-15 10:10:24.656 +0300,2025-03-19 12:20:35.035 +0300,2025-04-11 02:31:24.217 +0300,
ce9032e4-721c-47e9-8532-2908a069b9ab,Дарья Болеславовна Коновалова,22,"г. Нарткала, пер. Халтурина, д. 6/3 к. 5/5, 743405",galkinavksenti@example.net,+7 017 640 6530,2025-02-22 09:08:15.241 +0300,2024-07-17 18:40:33.770 +0300,2025-04-11 02:31:46.943 +0300,
"0ca561ca-8308-4ed6-8d6b-d05b3fb9a5dd",Романов Стоян Давидович,48,"с. Биробиджан, алл. Тракторная, д. 6/1 стр. 7/2, 470220",antonina81@example.net,"8 (036) 684-40-18",2024-12-15 06:16:56.145 +0300,2024-05-21 17:09:21.936 +0300,2025-04-11 02:32:12.334 +0300,
"9654eceb-8eb0-4551-b09a-fe5fc5f065ac",Онуфрий Демьянович Лапин,29,"клх Туапсе, пер. Пархоменко, д. 958, 421759",vladilen1989@example.org,"8 404 817 9066",2024-10-12 00:52:58.403 +0300,2024-11-30 16:10:56.229 +0300,2025-04-11 02:32:33.055 +0300,
"1a6dc01e-04b2-47b7-947f-d943d42a1ef8",Авдеев Всемил Адрианович,35,"клх Хасавюрт, бул. Камский, д. 1/8 стр. 9, 018926",simon_92@example.com,+7 (281) 198-1015,2024-06-16 20:53:11.906 +0300,2024-12-14 00:00:10.888 +0300,2025-04-11 02:32:59.151 +0300,
fd5fa10a-0165-4c8a-8ff4-755e99e76894,Нонна Васильевна Смирнова,18,"с. Моздок, ул. Веселая, д. 51, 877902",litkinavarvara@example.net,+7 009 266 6472,2024-06-01 20:36:26.123 +0300,2025-02-22 12:45:14.428 +0300,2025-04-11 02:33:23.045 +0300,
"9b371c69-7768-49e3-a342-eefc28137c40",Родионова Анна Даниловна,63,"ст. Вендинга, пр. Маркса Карла, д. 7 к. 71, 820907",arhipovdemid@example.org,"8 (966) 787-6356",2024-09-02 21:00:20.375 +0300,2024-04-29 08:10:33.584 +0300,2025-04-11 02:33:47.375 +0300,
"29bf6d28-80b1-48d7-a667-c11d59d161f2",Юлиан Антипович Константинов,49,"к. Вуктыл, пер. Песчаный, д. 317, 078747",trodionov@example.net,"8 (043) 431-77-39",2024-07-29 12:13:12.925 +0300,2025-01-15 16:53:26.567 +0300,2025-04-11 02:34:14.284 +0300,
"58f8f43c-9358-441f-a3ab-0fcc5e3d8b3f",Лора Ждановна Власова,68,"с. Кизел, алл. З.Космодемьянской, д. 820 к. 227, 526933",agapustinov@example.org,+79503703808,2024-07-22 04:26:44.369 +0300,2024-06-09 10:50:37.671 +0300,2025-04-11 02:34:44.539 +0300,
"015e03c5-ed9b-4de8-b61a-a130049f4321",Лора Архиповна Кузнецова,68,"с. Кисловодск, пер. Кутузова, д. 3 к. 215, 761848",kasjanbobilev@example.org,"8 (321) 932-47-69",2024-05-30 08:52:05.653 +0300,2025-04-08 08:19:54.320 +0300,2025-04-11 02:35:09.840 +0300,
